{
    "name": "插入代码",
    "brief": "插入统计代码，页脚代码，广告代码。",
    "version": "1.10",
    "bbs_version": "4.0",
    "installed": 1,
    "enable": 1,
    "hooks_rank": {
        "footer_end.htm": -100,
        "footer_footer_left_end.htm": -100,
        "footer_footer_right_end.htm": -100,
        "footer_start.htm": -100,
        "index_main_start.htm": -100,
        "index_site_brief_after.htm": -100,
        "thread_user_after.htm": -100
    },
    "dependencies": []
}