{
    "name": "排行版",
    "brief": "1、电脑端右侧显示，手机不显示</br> 2、新会员 活跃榜 帖子榜 财富榜</br> 3、一起smart制作<a href='http://www.iqismart.com'  target='_blank'><span style='color:red;'><b>www.iqismart.com</b></span></a><br>4、使用有问题联系客服QQ/微信：364337403 <br>",
    "version": "1.2",
    "bbs_version": "4.0",
    "installed": 1,
    "enable": 1,
    "hooks_rank": {
        "index_site_brief_after.htm": -7777
    },
    "dependencies": []
}