{
  "id": "",
  "name": "",
  "font_family": "iconfont",
  "css_prefix_text": "icon-",
  "description": "",
  "glyphs": [
    {
      "icon_id": "29930",
      "name": "favor_fill",
      "font_class": "favorfill",
      "unicode": "e64b",
      "unicode_decimal": 58955
    },
    {
      "icon_id": "29931",
      "name": "favor",
      "font_class": "favor",
      "unicode": "e64c",
      "unicode_decimal": 58956
    },
    {
      "icon_id": "30416",
      "name": "comment",
      "font_class": "comment",
      "unicode": "e667",
      "unicode_decimal": 58983
    },
    {
      "icon_id": "30417",
      "name": "like_fill",
      "font_class": "likefill",
      "unicode": "e668",
      "unicode_decimal": 58984
    },
    {
      "icon_id": "30418",
      "name": "like",
      "font_class": "like",
      "unicode": "e669",
      "unicode_decimal": 58985
    },
    {
      "icon_id": "33520",
      "name": "message",
      "font_class": "message",
      "unicode": "e6bc",
      "unicode_decimal": 59068
    },
    {
      "icon_id": "37276",
      "name": "天猫提示-提醒",
      "font_class": "tixing",
      "unicode": "f006a",
      "unicode_decimal": 983146
    },
    {
      "icon_id": "372399",
      "name": "iconfont-iconfontleijipingjia",
      "font_class": "iconfonticonfontleijipingjia",
      "unicode": "e612",
      "unicode_decimal": 58898
    },
    {
      "icon_id": "372414",
      "name": "iconfont-shoucang",
      "font_class": "iconfontshoucang",
      "unicode": "e621",
      "unicode_decimal": 58913
    },
    {
      "icon_id": "372416",
      "name": "iconfont-start",
      "font_class": "iconfontstart",
      "unicode": "e623",
      "unicode_decimal": 58915
    },
    {
      "icon_id": "428870",
      "name": "收藏",
      "font_class": "fav-1",
      "unicode": "e603",
      "unicode_decimal": 58883
    },
    {
      "icon_id": "428900",
      "name": "收藏-填充",
      "font_class": "fav",
      "unicode": "e604",
      "unicode_decimal": 58884
    },
    {
      "icon_id": "428945",
      "name": "喜欢",
      "font_class": "like-1",
      "unicode": "e605",
      "unicode_decimal": 58885
    },
    {
      "icon_id": "428946",
      "name": "喜欢-填充",
      "font_class": "like1",
      "unicode": "e606",
      "unicode_decimal": 58886
    },
    {
      "icon_id": "551496",
      "name": "相机",
      "font_class": "camera_full",
      "unicode": "e618",
      "unicode_decimal": 58904
    },
    {
      "icon_id": "1069840",
      "name": "3.0-相机",
      "font_class": "xiangji",
      "unicode": "e6aa",
      "unicode_decimal": 59050
    },
    {
      "icon_id": "1469228",
      "name": "heart-o",
      "font_class": "heart-o",
      "unicode": "e85b",
      "unicode_decimal": 59483
    },
    {
      "icon_id": "1469229",
      "name": "heart",
      "font_class": "heart",
      "unicode": "e85c",
      "unicode_decimal": 59484
    },
    {
      "icon_id": "1891163",
      "name": "comment",
      "font_class": "comment1",
      "unicode": "e6f3",
      "unicode_decimal": 59123
    },
    {
      "icon_id": "2076192",
      "name": " 消息",
      "font_class": "xiaoxi",
      "unicode": "e86f",
      "unicode_decimal": 59503
    },
    {
      "icon_id": "2076193",
      "name": "喜欢2",
      "font_class": "xihuan",
      "unicode": "e870",
      "unicode_decimal": 59504
    },
    {
      "icon_id": "2076194",
      "name": "喜欢",
      "font_class": "xihuan1",
      "unicode": "e871",
      "unicode_decimal": 59505
    },
    {
      "icon_id": "2076265",
      "name": "评论",
      "font_class": "pinglun",
      "unicode": "e891",
      "unicode_decimal": 59537
    },
    {
      "icon_id": "6446246",
      "name": "相机",
      "font_class": "tianchongxing-",
      "unicode": "e638",
      "unicode_decimal": 58936
    },
    {
      "icon_id": "6884426",
      "name": "通知消息",
      "font_class": "tongzhixiaoxi",
      "unicode": "e615",
      "unicode_decimal": 58901
    },
    {
      "icon_id": "7772189",
      "name": "icon_ding_ding_fill",
      "font_class": "icon_ding_ding_fill",
      "unicode": "eba6",
      "unicode_decimal": 60326
    },
    {
      "icon_id": "7772218",
      "name": "icon_ping",
      "font_class": "icon_ping",
      "unicode": "ebad",
      "unicode_decimal": 60333
    },
    {
      "icon_id": "8776692",
      "name": "message",
      "font_class": "icon-test",
      "unicode": "e635",
      "unicode_decimal": 58933
    },
    {
      "icon_id": "8777492",
      "name": "like",
      "font_class": "icon-test1",
      "unicode": "e657",
      "unicode_decimal": 58967
    },
    {
      "icon_id": "8777493",
      "name": "like_filled",
      "font_class": "icon-test2",
      "unicode": "e658",
      "unicode_decimal": 58968
    },
    {
      "icon_id": "8777494",
      "name": "star",
      "font_class": "icon-test3",
      "unicode": "e659",
      "unicode_decimal": 58969
    },
    {
      "icon_id": "8777495",
      "name": "star_filled",
      "font_class": "icon-test4",
      "unicode": "e65a",
      "unicode_decimal": 58970
    },
    {
      "icon_id": "10968228",
      "name": "通知",
      "font_class": "tongzhi",
      "unicode": "e63c",
      "unicode_decimal": 58940
    },
    {
      "icon_id": "11372640",
      "name": "编辑",
      "font_class": "bianji",
      "unicode": "e8ac",
      "unicode_decimal": 59564
    },
    {
      "icon_id": "11372673",
      "name": "话题",
      "font_class": "huati",
      "unicode": "e8b1",
      "unicode_decimal": 59569
    },
    {
      "icon_id": "11372682",
      "name": "朋友圈",
      "font_class": "pengyouquan",
      "unicode": "e8b4",
      "unicode_decimal": 59572
    },
    {
      "icon_id": "11372693",
      "name": "删除",
      "font_class": "shanchu",
      "unicode": "e8b6",
      "unicode_decimal": 59574
    },
    {
      "icon_id": "11372694",
      "name": "设置",
      "font_class": "shezhi",
      "unicode": "e8b7",
      "unicode_decimal": 59575
    },
    {
      "icon_id": "11372708",
      "name": "讨论区",
      "font_class": "taolunqu",
      "unicode": "e8b9",
      "unicode_decimal": 59577
    },
    {
      "icon_id": "11372782",
      "name": "相机",
      "font_class": "xiangji1",
      "unicode": "e8c7",
      "unicode_decimal": 59591
    },
    {
      "icon_id": "11474219",
      "name": "all",
      "font_class": "all",
      "unicode": "e6ef",
      "unicode_decimal": 59119
    },
    {
      "icon_id": "11474272",
      "name": "editor",
      "font_class": "editor",
      "unicode": "e6f6",
      "unicode_decimal": 59126
    },
    {
      "icon_id": "11474371",
      "name": "export services",
      "font_class": "Exportservices",
      "unicode": "e702",
      "unicode_decimal": 59138
    },
    {
      "icon_id": "11481317",
      "name": "favorites-fill",
      "font_class": "favorites-fill",
      "unicode": "e721",
      "unicode_decimal": 59169
    },
    {
      "icon_id": "11487984",
      "name": "ashbin",
      "font_class": "ashbin",
      "unicode": "e744",
      "unicode_decimal": 59204
    },
    {
      "icon_id": "11487988",
      "name": "browse",
      "font_class": "browse",
      "unicode": "e745",
      "unicode_decimal": 59205
    },
    {
      "icon_id": "11487990",
      "name": "atm-away",
      "font_class": "atm-away",
      "unicode": "e746",
      "unicode_decimal": 59206
    },
    {
      "icon_id": "11488020",
      "name": "clock",
      "font_class": "clock",
      "unicode": "e74b",
      "unicode_decimal": 59211
    },
    {
      "icon_id": "11488024",
      "name": "Customer management",
      "font_class": "Customermanagement",
      "unicode": "e74c",
      "unicode_decimal": 59212
    },
    {
      "icon_id": "11488033",
      "name": "editor",
      "font_class": "editor1",
      "unicode": "e74d",
      "unicode_decimal": 59213
    },
    {
      "icon_id": "11488040",
      "name": "earth",
      "font_class": "earth",
      "unicode": "e74e",
      "unicode_decimal": 59214
    },
    {
      "icon_id": "11488053",
      "name": "good",
      "font_class": "good",
      "unicode": "e753",
      "unicode_decimal": 59219
    },
    {
      "icon_id": "11488206",
      "name": "user center",
      "font_class": "usercenter",
      "unicode": "e773",
      "unicode_decimal": 59251
    },
    {
      "icon_id": "11488226",
      "name": "all-fill",
      "font_class": "all-fill",
      "unicode": "e777",
      "unicode_decimal": 59255
    },
    {
      "icon_id": "11488231",
      "name": "atm-fill",
      "font_class": "atm-fill",
      "unicode": "e779",
      "unicode_decimal": 59257
    },
    {
      "icon_id": "11488234",
      "name": "camera switching-fill",
      "font_class": "cameraswitching-fill",
      "unicode": "e77a",
      "unicode_decimal": 59258
    },
    {
      "icon_id": "11488261",
      "name": "camera-fill",
      "font_class": "camera-fill",
      "unicode": "e77b",
      "unicode_decimal": 59259
    },
    {
      "icon_id": "11488262",
      "name": "good-fill",
      "font_class": "good-fill",
      "unicode": "e780",
      "unicode_decimal": 59264
    },
    {
      "icon_id": "11488298",
      "name": "pin-fill",
      "font_class": "pin-fill",
      "unicode": "e788",
      "unicode_decimal": 59272
    },
    {
      "icon_id": "11488308",
      "name": "remind-fill",
      "font_class": "remind-fill",
      "unicode": "e78a",
      "unicode_decimal": 59274
    },
    {
      "icon_id": "11488336",
      "name": "set",
      "font_class": "set",
      "unicode": "e78e",
      "unicode_decimal": 59278
    },
    {
      "icon_id": "11494511",
      "name": "collection",
      "font_class": "collection",
      "unicode": "e79d",
      "unicode_decimal": 59293
    },
    {
      "icon_id": "11494945",
      "name": "message center-fill",
      "font_class": "messagecenter-fill",
      "unicode": "e7a2",
      "unicode_decimal": 59298
    },
    {
      "icon_id": "12011690",
      "name": "camera",
      "font_class": "camera",
      "unicode": "e7b2",
      "unicode_decimal": 59314
    },
    {
      "icon_id": "12011691",
      "name": "arrow-down",
      "font_class": "arrow-down",
      "unicode": "e7b3",
      "unicode_decimal": 59315
    },
    {
      "icon_id": "12011695",
      "name": "favorites",
      "font_class": "favorites",
      "unicode": "e7b4",
      "unicode_decimal": 59316
    },
    {
      "icon_id": "12011697",
      "name": "search",
      "font_class": "search",
      "unicode": "e7b5",
      "unicode_decimal": 59317
    },
    {
      "icon_id": "12012147",
      "name": "user center",
      "font_class": "usercenter1",
      "unicode": "e7b6",
      "unicode_decimal": 59318
    }
  ]
}
