{
    "name": "FlatBB 编辑器",
    "brief": "移植自Flatboard的一个简单的可定制的BBCode编辑器，带有图片上传功能。原作者：Frédéric K.，适配轻简主题浅色和深色模式 <a href='https://www.geticer.eu.org/' class='badge badge-primary'>Geticer</a> <a href='https://club.ntne.cc/' class='badge badge-primary'>NT社区</a>",
    "version": "1.0.2",
    "bbs_version": "4.0.4",
    "installed": 0,
    "enable": 0,
    "hooks_rank": [],
    "overwrites_rank": {
        "view/htm/post.htm": 10
    },
    "dependencies": {
        "abs_shortcode": "1.0.0"
    }
}