{
    "name": "积分插件",
    "brief": "<p>积分插件完整版。积分规则、升级用户组、付费主题、兑换、转账、消费记录、积分查询面板。</p><p>XiunoBBS修补漏洞版，漏洞修补方法及改动文件在此：https://xiunobbs.cn/thread-3679.htm</p><a href='//xiunobbs.cn' target='_blank' style='display: block; background-color:#c6303e;color: #FFFFFF;'>xiunobbs.cn站长交流论坛</a>",
    "version": "1.21.1",
    "bbs_version": "4.0.4",
    "installed": 0,
    "enable": 0,
    "hooks_rank": {
        "post_post_end.php": -10,
        "thread_create_thread_end.php": -10
    },
    "overwrites_rank": [],
    "dependencies": []
}