{
    "name": "手机端专享底部固定广告",
    "brief": "1、底部固定，只在手机显示！ <br>2、可放一张图片，一个跳转地址！<br> 3、由八彩五月网制作<a href='http://www.8c5.cn'  target='_blank'><span style='color:red;'><b>www.8c5.cn</b></span></a><br>4、使用有问题联系客服QQ/微信：312215120 ",
    "version": "1.5",
    "bbs_version": "4.0",
    "installed": 0,
    "enable": 0,
    "hooks_rank": [],
    "overwrites_rank": [],
    "dependencies": []
}