{
    "name": "人生倒计时",
    "brief": "在右侧栏显示一个漂亮的人生倒计时卡片。<br>自动获取当前日期时间，能根据进度条的百分比自动调色。<br><br>更多插件请访问：<a target='_blank' href='https://cloudatabases.com/'>云库论坛</a>。",
    "version": "1.0",
    "bbs_version": "4.0",
    "installed": 0,
    "enable": 0,
    "hooks_rank": {
    	"index_site_brief_after.htm": -10, 
    	"thread_user_after.htm": 10, 
    	"forum_mod_after.htm": -10
    },
    "overwrites_rank": [],
    "dependencies": []
}
