{
    "name": "附件相册swipebox",
    "brief": "相册！ 是一款可触摸的 jQuery 灯箱效果插件，可用于桌面，移动和平板电脑。 支持移动设备滑动手势导航，桌面电脑上可以用键盘导航，不支持 CSS3 过渡特性的浏览器使用 jQuery 降级处理，支持视网膜显示，能够通过 CSS 轻松定制。",
    "version": "0.9.4",
    "author": "piao",
    "bbs_version": "4.0.4",
    "installed": 0,
    "enable": 0,
    "hooks_rank": [],
    "overwrites_rank": [],
    "dependencies": []
}