{
	"常用": {
		"wuzhui": {
			"href": "https://www.wuzhuiso.com/s?q=",
			"label": "无追搜索"
		},
		"baidu": {
			"href": "https://www.baidu.com/s?wd=",
			"label": "百度"
		},
		"google": {
			"href": "https://www.google.com/search?q=",
			"label": "Google"
		},
		"so360": {
			"href": "https://www.so.com/s?q=",
			"label": "360"
		},
		"sogou": {
			"href": "https://www.sogou.com/web?query=",
			"label": "搜狗"
		},
		"bing": {
			"href": "https://cn.bing.com/search?q=",
			"label": "必应"
		},
		"shenma": {
			"href": "https://yz.m.sm.cn/s?q=",
			"label": "神马"
		}
	},
	"工具": {
		"rank": {
			"href": "http://rank.chinaz.com/all/",
			"label": "权重查询"
		},
		"friendlink": {
			"href": "http://link.chinaz.com/",
			"label": "友链检测"
		},
		"icp": {
			"href": "https://icp.aizhan.com/",
			"label": "备案查询"
		},
		"ping": {
			"href": "http://ping.chinaz.com/",
			"label": "PING检测"
		},
		"deadlink": {
			"href": "http://tool.chinaz.com/Links/?DAddress=",
			"label": "死链检测"
		}
	},
	"社区": {
		"zhihu": {
			"href": "https://www.zhihu.com/search?type=content&q=",
			"label": "知乎"
		},
		"weixin": {
			"href": "http://weixin.sogou.com/weixin?type=2&query=",
			"label": "微信"
		},
		"weibo": {
			"href": "https://s.weibo.com/weibo?q=",
			"label": "微博"
		},
		"douban": {
			"href": "https://www.douban.com/search?q=",
			"label": "豆瓣"
		},
		"stackoverflow": {
			"href": "https://stackoverflow.com/search?q=",
			"label": "Stack Overflow"
		},
		"segmentfault": {
			"href": "https://segmentfault.com/search?type=all&q=",
			"label": "Segment Fault"
		},
		"bilibili": {
			"href": "https://search.bilibili.com/all?keyword=",
			"label": "BiliBili"
		}
	},
	"灵感": {
		"huaban": {
			"href": "https://www.huaban.com/search/?q=",
			"label": "花瓣"
		},
		"dribbble": {
			"href": "https://dribbble.com/search/",
			"label": "Dribbble"
		},
		"behance": {
			"href": "https://www.behance.net/search?search=",
			"label": "Behance"
		},
		"zcool": {
			"href": "http://www.zcool.com.cn/search/content?&word=",
			"label": "站酷"
		},
		"unsplash": {
			"href": "https://unsplash.com/search?query=",
			"label": "Unsplash"
		},
		"pixabay": {
			"href": "https://pixabay.com/search/?q=",
			"label": "Pixabay"
		},
		"giphy": {
			"href": "https://giphy.com/search/?q=",
			"label": "Giphy"
		}
	},
	"开发": {
		"GitHub": {
			"href": "https://github.com/",
			"label": "GitHub"
		},
		"gitee": {
			"href": "https://gitee.com/",
			"label": "码云"
		},
		"gitlab": {
			"href": "https://gitlab.com/search?search=",
			"label": "GitLab"
		},
		"jsfiddle": {
			"href": "https://jsfiddle.net/api/search/?q=",
			"label": "JSFiddle"
		},
		"caniuse": {
			"href": "https://caniuse.com/?search=",
			"label": "Can I Use"
		},
		"codepen": {
			"href": "https://codepen.io/search/pens?q=",
			"label": "CodePen"
		},
		"devdocs": {
			"href": "https://devdocs.io/#q=",
			"label": "DevDocs"
		}
	},
	"学术": {
		"cnk": {
			"href": "https://www.cnki.net/search?keyword=",
			"label": "中国知网"
		},
		"vip": {
			"href": "https://www.cqvip.com/search-results.html?&searchText=",
			"label": "维普资讯"
		},
		"wanf": {
			"href": "http://www.wanfangdata.com.cn/search/index.html?keyword=",
			"label": "万方数据"
		}
	},
	"其他": {
		"Wolf": {
			"href": "http://www.wolframalpha.com/input/?i=",
			"label": "WolframAlpha"
		},
		"Wiki": {
			"href": "http://zh.wikipedia.org/w/index.php?i=",
			"label": "Wikipedia"
		},
		"Linguee": {
			"href": "https://cn.linguee.com/?query=",
			"label": "Linguee"
		},
		"Pai": {
			"href": "http://zh.numberempire.com/primenumbers.php?number=",
			"label": "素数发生器"
		},
		"EmojiAll": {
			"href": "https://www.emojiall.com/zh-hans/search_results?keywords=",
			"label": "EmojiAll"
		},
		"book": {
			"href": "https://www.amazon.com/s?k=",
			"label": "Amazon书籍搜索"
		},
		"coursera": {
			"href": "https://www.coursera.org/search?query=",
			"label": "Coursera"
		}
	}
}