{
    "name": "帖子权限访问插件",
    "brief": "可以将帖子加多层次访问权限控制,发帖的时候可以设置指定的一些用户组，拥有此贴的访问权限，其他用户组则无权访问，除此之外，后台还可以设置哪些用户组拥有发带权限帖子的功能，两个开关，一个在后台插件设置，一个在前台发帖的位置(某种意义上是一个类似于VIP功能)",
    "username": "null",
    "version": "1.1",
    "bbs_version": "4.0",
    "installed": 0,
    "enable": 0,
    "hooks_rank": [],
    "overwrites_rank": [],
    "dependencies": []
}