{
    "name": "活动目录LDAP认证，支持windows2003以上版本",
    "brief": "通过活动目录认证,如果认证失败则通过原密码登录，依赖 php-ldap 模块。活动目录用户自行后台添加，或者通过同步脚本同步。此插件可能会与 手机登录冲突，请参考 overwrite 下面到文件,修改！",
    "version": "1.0",
    "bbs_version": "4.0.3",
    "installed": 0,
    "enable": 0,
    "hooks_rank": [],
    "overwrites_rank": [],
    "dependencies": []
}