{
    "name": "腾讯云cos附件同步&链接鉴权&下载加速",
    "brief": "附件同步：上传的附件同步存储到腾讯云对象存储；<br />附件下载：采用私有化对象存储空间，再加上应用了腾讯云的预签名授权下载，下载链接过期(设置中可配置过期时间)将不能使用，不用担心被盗链。(可设置CDN加速链接）<br />插件下载与更新请访问：xiuno.cn",
    "version": "1.0",
    "bbs_version": "4.0",
    "installed": 0,
    "enable": 0,
    "overwrites_rank": [],
    "dependencies": []
}