{
    "name": "加载更多",
    "brief": "在首页和版块页面的帖子列表后面增加一个“加载更多”按钮，点击后无需翻页即可加载下一页内容。<br><br>更多插件请访问：<a target='_blank' href='https://cloudatabases.com/'>云库论坛</a>。",
    "version": "1.0",
    "bbs_version": "4.0",
    "installed": 0,
    "enable": 0,
    "hooks_rank": {
		"index_threadlist_after.htm":-101,
		"forum_threadlist_after.htm":-101
    },
    "overwrites_rank": [],
    "dependencies": []
}
