{
    "name": "个性签名",
    "brief": "用户可在个人中心设置一个拉风的个性化签名。<br><span class='text-light bg-danger mr-2 px-1'>演示</span><a class=text-success href=https://www.westping.com>https://www.westping.com</a><br><span class='text-light bg-danger mr-2 px-1'>帮助及建议</span><a class=text-success href=https://www.westping.com/forum-7.htm>https://www.westping.com/f-7.htm</a>",
    "version": "1.3",
    "bbs_version": "4.0",
    "installed": 0,
    "enable": 0,
    "hooks_rank": [],
    "dependencies": []
}