{
    "name": "极简亮暗模式切换开关",
    "brief": "可在暗模式和亮模式之间切换，并带有漂亮的动画效果。点击角落里的按钮，它就会以漂亮的动画效果缩放，从而切换到黑暗模式。点击后，选择将被保存，因此刷新页面后，黑暗模式将始终显示。不保证效果。",
    "version": "1.0.1",
    "bbs_version": "4.0",
    "installed": 0,
    "enable": 0,
    "hooks_rank": [],
    "overwrites_rank": [],
    "dependencies": []
}