{
    "name": "2000年代风格古早论坛主题",
    "brief": "<b>这个主题将带您回到那个独特而充满回忆的时代。</b>我们深深致敬那个时期的设计风格，同时结合了现代的响应式设计。让我们一起重温那个令人难忘的时代！推荐使用Firefox等现代浏览器，不推荐使用IE浏览器。问题反馈至：xiuno.eu.org",
    "version": "2.0.1",
    "bbs_version": "4.0.4",
    "installed": 0,
    "enable": 0,
    "hooks_rank": [],
    "overwrites_rank": [],
    "dependencies": []
}