{
    "name": "360SEO 自动推送",
    "brief": "自动判断路由给网页增加360的自动收录代码，当页面每次被浏览时，页面URL会自动提交到360蜘蛛爬取，从而完成对该页面的自动收录。<br>适配360新js地址。<br><br>更多插件请访问：<a target='_blank' href='https://cloudatabases.com/'>云库论坛</a>。",
    "version": "1.0",
    "bbs_version": "4.0",
    "installed": 0,
    "enable": 0,
    "hooks_rank": [],
    "overwrites_rank": [],
    "dependencies": []
}
