{
    "name": "A.XZ 文字广告位",
    "brief": "一款为Xiuno CMS开发的插件。专门适配知乎蓝、网盘等模板<br><span style='color:#1fdb1f;font-weight:bold;'>支持自定义颜色、背景颜色、排序和自适应排版等功能的文字广告</span><br>插件使用说明：<a href='https://www.08ylw.top/thread-8369.htm' target='_blank'>使用说明</a>",
    "version": "1.4",
    "bbs_version": "4.0",
    "installed": 0,
    "enable": 0,
    "hooks_rank": [],
    "overwrites_rank": [],
    "dependencies": []
}