{
    "name": "WellCMS X Free",
    "brief": "WellCMS是一款倾向于移动端的内容管理产品，基于优秀的XiunoPHP开发，继承了xiuno的优良基因，以轻、快、安全为主，作者在此基础上进行了再次增强，其目的是榨干硬件的全部运算性能。<br><br>WellCMS X 版本中的X取自“Extreme”，意为“轻便到了极点”。X意味着追求极致；意味着自由飞翔，需要轻盈的体态；意味着将程序的性能发挥到极限。<br><br>X系列产品具有高效、安全、稳定、速度快、SEO更简单、负载超强的特点。<a href='http://www.wellcms.cn' target='_blank'><span style='color:red; padding:0 6px;'><b>WellCMS官方</b></span></a><br><br>1. 修复了支持php低版本问题，支持php5.2，支持php7.2及更高版本；<br>2. 对bbs和cms的发布、回复、编辑及删除进行了权限控制；<br>3. 站外链接调整为进内容页计数后跳转；<br>4.对于灌水测试调整为有数据禁止灌水，必须删除网站已有数据（灌水不影响bbs数据），并清空缓存才可以灌水；<br>5. 加强了模板开发，可以直接hook也可以使用后台自动区分各端模板；<br>6.增加了模板助手，需要具备html基础；<br>7.增加了tag，删除主题自动清理空的tag；<br>8.修复细节若干",
    "version": "1.1.01",
    "software_version": "1.0.0",
    "bbs_version": "4.0.4",
    "installed": 0,
    "enable": 0,
    "hooks_rank": [],
    "overwrites_rank": [],
    "dependencies": []
}