{
    "name": "改名插件",
    "brief": "腾悦改名功能，v3.0.0版本发布，该版本有重大更新！<br>v1.0.0版：基础的改名版本只支持改名！<br>v2.0.0：该版本美化了改名插件的UI布局显示！<br>v2.0.1：该版本加入金币改名功能，但不支持所需金币自定义！<br>v3.0.0版本：该版本加入改名所需金币自定义设置可以在后台设置改名所需金币<br>说明：v3.0.0版本可能是最后的大更新了，以后就定型了，除非用户提出好的意见或者建议可以考虑加入！谢谢大家支持，么么哒！<br>官网：http://tenyet.com.cn",
    "version": "3.0.0",
    "bbs_version": "4.0.3",
    "installed": 1,
    "enable": 1,
    "hooks_rank": [],
    "dependencies": []
}