{
    "name": "百度文本审核",
    "brief": "<b>功能：</b>通过调用百度内容审核平台api审核主题、回复是否合规<br /><b>作者：</b>张益达<br /><b>提示：</b>百度内容审核平台：https://ai.baidu.com/solution/censoring <br />安装后请通过上述地址获取appid、API Key、Secret Key，并在插件设置中填写，否则前台发布帖子等将出现错误。<br />不使用本插件后卸载删除即可，安装与卸载后请清除缓存等待生效！<br />更多内容请访问修罗中国：https://xiuno.cn",
    "version": "1.0",
    "bbs_version": "4.0",
    "installed": 0,
    "enable": 0,
    "hooks_rank": [],
    "overwrites_rank": [],
    "dependencies": []
}