{
    "name": "zEditor编辑器",
    "brief": "没有任何依赖，纯粹原生JS+HTML实现一个文本编辑器。更多介绍见<a href='https://tuobaye.com/2017/11/03/%E4%BB%85%E7%94%A81%E8%A1%8C%E6%A0%B8%E5%BF%83JS%E4%BB%A3%E7%A0%81%E5%AE%9E%E7%8E%B0%E4%B8%80%E4%B8%AA%E8%BD%BB%E9%87%8F%E7%BA%A7%E5%AF%8C%E6%96%87%E6%9C%AC%E7%BC%96%E8%BE%91%E5%99%A8/'>《仅用1行核心JS代码实现一个轻量级富文本编辑器》</a>。该插件仅供技术交流使用，并不完善，请谨慎安装使用。很有可能不兼容现有的“插入代码”按钮。本插件不提供任何技术支持。",
    "version": "1.0.0",
    "bbs_version": "4.0",
    "installed": 0,
    "enable": 0,
    "hooks_rank": {
        "post_message_after.htm": 99
    },
    "overwrites_rank": [],
    "dependencies": []
}