{
    "name": "秘言-展开全文",
    "brief": "在帖子页面加入阅读全文按钮<br>插件为<a href=\"http://meyan.pw/\" target=\"_blank\" _href=\"http://meyan.pw/\"><span style=\"color:#0070c0\">秘言</span></a>制作。演示<a href=\"http://meyan.pw/\" target=\"_blank\" _href=\"http://meyan.pw/\"><span style=\"color:#0070c0\">http://meyan.pw</span></a>",
    "version": "1.0",
    "bbs_version": "4.0.4",
    "installed": 0,
    "enable": 0,
    "hooks_rank": [],
    "dependencies": []
}